Date,Heads,Day_Result,Total_Bets,Total_Hands
2022-01-01,25,495.4692074634748,60883.353144254725,4592
2022-01-02,15,2977.849335068159,53199.584245597616,4428
2022-01-03,8,1103.5940626296033,16713.17497851441,1367
2022-01-04,13,108.23141219711718,9815.43456196458,735
2022-01-05,10,1815.4180924393465,29247.440943592544,2031
2022-01-06,14,1850.1428223634064,29506.223083967012,1074
2022-01-07,14,-64.24658704679908,37820.280887154135,3346
2022-01-08,28,-3206.4046199320696,67667.24787993002,3270
2022-01-09,18,1475.4795148522244,28431.084233461625,2601
2022-01-10,7,428.699550615514,6384.2241920956285,373
2022-01-11,13,800.4897116325373,12793.712596343099,1051
2022-01-12,18,-2606.943557521148,42042.66597568077,1439
2022-01-13,14,716.2681050313643,22192.032330838258,1937
2022-01-14,27,1643.8617388923956,63429.41892593528,4854
2022-01-15,30,235.49827410607918,69652.36596188584,2487
2022-01-16,18,-2133.518884244164,45530.86803248342,2931
2022-01-17,13,1197.2632443542486,27844.925764507083,2279
2022-01-18,12,458.31617422978394,21047.24278652633,1807
2022-01-19,12,942.5423920005001,33969.92546684458,1622
2022-01-20,10,3100.3748745104313,41120.590772779775,1675
2022-01-21,23,4556.9658820815575,58460.495026097546,2841
2022-01-22,23,623.5578615237872,96512.99208334953,4784
2022-01-23,22,-5220.857505318874,67655.05129269777,2736
2022-01-24,10,-2162.4457566560936,25270.06698655094,625
2022-01-25,10,209.7458759729126,26619.585941502468,912
2022-01-26,10,1619.9681056148133,21461.214392885027,1710
2022-01-27,18,1445.0419684900878,26196.94346692268,2047
2022-01-28,25,-4329.784282350897,70936.28912124386,3401
2022-01-29,20,2594.41959338945,58057.799756746135,3181
2022-01-30,20,3135.614212649203,36114.83904087631,2387
2022-01-31,8,1447.9986638231826,24844.579074533594,1003
2022-02-01,15,-1108.3277474190236,28543.742369018473,1597
2022-02-02,16,-628.5716854703444,9386.411800720098,681
2022-02-03,15,843.2127923710318,38909.47051706467,1870
2022-02-04,24,-1504.1901891652367,75275.50711027406,3404
2022-02-05,29,-1222.7128284323787,106105.11101954382,2615
2022-02-06,21,758.7874157171166,82638.9984165307,2898
2022-02-07,9,1108.7155022867892,12216.953192831195,1202
2022-02-08,12,882.909028211898,50059.78860070572,1495
2022-02-09,14,1298.72337731116,38684.61409147332,2511
2022-02-10,14,435.9839911020589,17824.26737021752,1560
2022-02-11,19,-913.7035461282846,55443.71208133214,3652
2022-02-12,26,269.55904662635714,66272.84580306977,4023
2022-02-13,10,2856.3679461508186,49311.5304846553,2885
2022-02-14,6,-297.14671956220553,12310.312895727246,958
2022-02-15,12,2440.682182265547,32721.59761939977,1523
2022-02-16,13,726.2367517794452,58789.357634870226,2849
2022-02-17,7,598.8227058526815,18259.244466669807,1675
2022-02-18,19,-1173.007105928598,76439.98270826694,2109
2022-02-19,28,5480.608624328254,120976.22084252346,4740
2022-02-20,20,-5041.308021188335,58493.51736830724,2277
2022-02-21,6,-195.95553029223703,21883.96242933297,1159
2022-02-22,12,965.7938967022903,19079.00725002184,1410
2022-02-23,15,2197.8829623704555,70687.32773250989,3045
2022-02-24,15,698.8035846477101,20165.623942801034,1556
2022-02-25,22,42.34260106569525,74015.53913997299,3683
2022-02-26,35,5799.768107979313,101296.53601989798,3862
2022-02-27,21,-944.1168088971614,49290.53119144394,2990
2022-02-28,8,1969.8759319045703,37746.52429280103,938
2022-03-01,9,535.2278521425152,30541.310340048854,1527
2022-03-02,12,2060.7610236866617,58320.38728401243,2427
2022-03-03,18,-759.0827451054796,36063.89306165682,1402
2022-03-04,25,1014.7342880826415,76260.71549191899,4631
2022-03-05,26,1873.611255269781,71510.14749990856,4354
2022-03-06,28,734.6438605273627,54403.462807207376,2001
2022-03-07,10,909.6358243833536,31958.778414272158,1757
2022-03-08,10,-392.1894746644444,36525.05859291025,1614
2022-03-09,14,1282.5760321433556,17832.906212559006,1042
2022-03-10,17,951.9724659198316,35155.46276049159,2065
2022-03-11,26,-564.8428347063613,78767.98328733063,3967
2022-03-12,23,1707.2415085847995,57849.93250396957,2698
2022-03-13,21,2474.6577677770674,78610.94614029423,3530
2022-03-14,9,2623.620735890845,27583.515928526384,1674
2022-03-15,10,661.9488560678658,20072.57899469356,1694
2022-03-16,11,-66.61082311777525,33776.62760194447,1452
2022-03-17,10,36.1800007620608,53488.36995170909,2018
2022-03-18,23,-1599.8421349982823,71780.7459192181,4292
2022-03-19,25,5525.189522185388,139574.9742392198,3685
2022-03-20,19,2699.2928440397277,45601.97671127915,2162
2022-03-21,13,3027.53773566983,34365.811348231204,1568
2022-03-22,14,150.64348426559138,37367.38528093193,1655
2022-03-23,15,-381.42929735392715,44051.96257848072,1595
2022-03-24,16,1755.015911957772,39923.40329823863,2121
2022-03-25,27,3760.1922765146737,60868.92454322895,2675
2022-03-26,25,2974.995326688721,65043.467459825115,3943
2022-03-27,19,-2024.5529022577225,72695.95075149855,3243
2022-03-28,6,-1592.539329682907,28959.144781466897,1303
2022-03-29,9,1421.9452557412665,29273.014625797878,1890
2022-03-30,12,4867.121957906998,67775.21563236919,2176
2022-03-31,12,1064.5688665384093,13855.943653611637,709
2022-04-01,23,-882.4342289281442,76833.63373066549,3808
2022-04-02,28,-923.5688015339224,82609.16595426621,3983
2022-04-03,15,-1009.1169899398253,76006.75078705688,2759
2022-04-04,10,819.7474386591515,27584.665589997774,2402
2022-04-05,10,1420.931262303251,37165.31968652089,2173
2022-04-06,19,549.5580446702761,21804.44376226375,1930
2022-04-07,7,4292.408593824487,41782.197279350126,1834
2022-04-08,22,3394.260021862199,76570.38587190675,3102
2022-04-09,18,3693.040753297932,79660.49525746796,3313
2022-04-10,27,5414.5454068528215,75058.90770189957,3107
2022-04-11,12,588.607483734304,27215.085780250556,1945
2022-04-12,14,-1637.1752325735456,45204.443962949634,2592
2022-04-13,13,1630.4867442628943,75484.59168022373,3159
2022-04-14,14,-128.29752239007757,42124.22087683985,1177
2022-04-15,35,930.2785645323295,52837.09791611326,3434
2022-04-16,37,-1271.8129048576636,58058.17900213229,3953
2022-04-17,16,1219.1788147098734,73617.70272694508,3205
2022-04-18,8,1258.9391541531043,48389.261592095325,2596
2022-04-19,14,634.261354973449,57697.19216391173,2746
2022-04-20,11,1903.6061456047871,56489.26974621329,2023
2022-04-21,14,524.6566326323439,28183.007143632538,1556
2022-04-22,26,3034.712556947946,99975.8450299962,4226
2022-04-23,24,546.0867526202585,52113.38213145179,3732
2022-04-24,18,1672.2067695034848,47301.96374576379,1563
2022-04-25,12,-1044.7753000361618,47255.60436062214,2718
2022-04-26,12,106.89203140368991,13034.371242055036,800
2022-04-27,19,4602.390164995633,59675.72175092899,2800
2022-04-28,10,994.353386863227,21455.753145720795,2169
2022-04-29,33,-2317.7283125634526,74473.86452164064,4142
2022-04-30,26,-432.6688436420068,56043.041590464316,3421
2022-05-01,25,-3159.2532500848442,77345.78942900062,2828
2022-05-02,9,224.1052948724896,17772.71460539388,1314
2022-05-03,17,-45.83669326419434,41953.756407206485,2299
2022-05-04,17,110.74013721168825,17265.347329321958,1249
2022-05-05,12,579.9965130922778,26948.245937925585,2067
2022-05-06,31,-1066.3922579184027,63637.73435171866,4015
2022-05-07,31,-3142.070313243051,104230.42187345793,5426
2022-05-08,23,976.9570605310437,51696.48654816615,3531
2022-05-09,14,544.8580551978667,24473.72396588467,2415
2022-05-10,16,2305.32052495208,48862.63703333986,2642
2022-05-11,15,1930.835601107676,46962.00470206518,2093
2022-05-12,18,1798.210450023622,49302.70651717416,2583
2022-05-13,29,1930.2281975108722,56209.45104966084,3734
2022-05-14,24,5180.410190686947,81263.24200663493,2483
2022-05-15,25,-3047.513296807669,82596.19244735745,4624
2022-05-16,14,103.72464807105949,19609.708684102363,1957
2022-05-17,8,-2254.17751154728,39776.71020695536,1287
2022-05-18,20,725.5524809291185,27386.89730596035,2699
2022-05-19,8,423.3157604033189,34064.25188476357,1525
2022-05-20,32,1414.8138132479016,97247.92796078313,4394
2022-05-21,34,-1425.40027374328,87650.77978079268,4692
2022-05-22,18,-1581.1741291109079,68437.57867379709,4338
2022-05-23,8,-3668.4428909112116,46492.73238645816,1224
2022-05-24,14,832.9855283620586,38945.931262872225,2159
2022-05-25,14,784.4361839203901,12104.352317965555,771
2022-05-26,13,-341.2510613578745,20841.746725141857,2051
2022-05-27,30,-85.5091271177493,77534.76745593625,3392
2022-05-28,31,4004.253449639501,88146.19328903305,4303
2022-05-29,20,945.4705949764775,106945.47501141144,3691
2022-05-30,6,96.88833407343594,24478.37445861684,1851
2022-05-31,12,424.4992005968844,51331.57017934213,1573
2022-06-01,19,3323.2071598154803,64114.87519198989,2329
2022-06-02,20,648.4099606558748,28150.859565256334,1389
2022-06-03,22,1176.9637093361812,92124.40621913916,3583
2022-06-04,25,1503.4665472299143,70238.72177008483,4873
2022-06-05,28,1554.559857764665,65489.75585060671,2799
2022-06-06,10,-756.8577004737967,35509.71899650527,1735
2022-06-07,16,2770.1205211560905,33631.58017171127,1413
2022-06-08,18,559.2095126643085,42412.292162881065,1524
2022-06-09,17,1394.4653199869304,33716.302106778225,3134
2022-06-10,24,5633.838836590541,87056.40160251012,3791
2022-06-11,29,2657.6294501195766,72607.85206343052,4287
2022-06-12,22,-649.6130000090816,68104.07006268186,2541
2022-06-13,9,524.9328897768246,20783.427362309925,1352
2022-06-14,9,1560.4444897014685,31356.915538488138,2872
2022-06-15,18,308.8019715470707,20477.703602417132,2057
2022-06-16,15,538.1658617723435,67273.97739574111,3225
2022-06-17,16,5946.1279867891435,80711.50190448556,4241
2022-06-18,21,4642.805224229915,70419.6042013891,4009
2022-06-19,23,2924.5214508038607,58669.647531748364,2304
2022-06-20,10,2209.0203079223766,38513.19773066879,2218
2022-06-21,18,-1330.3265935905097,90477.60731106898,1568
2022-06-22,26,190.74075016326935,29682.69687466565,2270
2022-06-23,12,-31.48775843197528,11706.269183496252,1129
2022-06-24,26,2133.288351600053,78544.33435225156,2445
2022-06-25,27,-2132.8922971680117,58164.614241277784,2966
2022-06-26,27,-1916.8053603703806,65066.73731477918,2803
2022-06-27,13,-1154.3401161687766,14302.170849615957,1125
2022-06-28,14,254.1766580642042,19584.571850275905,1352
2022-06-29,14,4873.259973549895,38290.49110841749,1079
2022-06-30,9,1839.6601719142006,29770.797705327073,2255
2022-07-01,25,-1276.3800318711121,49731.91042550389,3384
2022-07-02,33,1258.3490202770486,70943.09991132088,3534
2022-07-03,19,2091.2126949734725,37243.46192696308,2671
2022-07-04,13,814.4127250607446,12586.731998738505,842
2022-07-05,6,515.4699358793162,60803.62492934557,2920
2022-07-06,12,519.7586859317371,22871.104288399147,1636
2022-07-07,10,-576.0798931581929,47008.28864333241,1913
2022-07-08,22,-1550.2569828933888,80278.31452856006,2817
2022-07-09,25,2449.0899971414474,45541.594154801474,3193
2022-07-10,14,643.0000577173711,68460.13406075473,4125
2022-07-11,12,-1039.4335715162395,44763.71008074606,1312
2022-07-12,16,988.3754737900733,20949.73443407701,1655
2022-07-13,19,5754.502519972607,65656.41469544166,3217
2022-07-14,18,2643.0117212367372,46449.054960869114,2567
2022-07-15,33,-1416.7840504881794,85714.64396771725,3781
2022-07-16,35,-38.686326703436485,93824.9786773185,3385
2022-07-17,19,3077.1788325702096,63445.92537655736,3196
2022-07-18,11,1145.8387098349538,43162.65390702177,2098
2022-07-19,16,-2024.4469248978519,61263.49465400108,1465
2022-07-20,14,-79.95480908046031,15438.355576275402,1558
2022-07-21,11,-339.46618488404596,24608.85663773467,1204
2022-07-22,29,2926.700468394781,73400.81823460691,3343
2022-07-23,23,-2158.679505531398,62757.498652250084,3509
2022-07-24,32,1721.8635791254937,57385.276967408085,3199
2022-07-25,6,-1642.2817675951667,53270.27809617262,2080
2022-07-26,8,-1592.865054343408,39101.06784405984,2577
2022-07-27,17,-6532.306891678711,54246.789910328065,2237
2022-07-28,11,-302.86173534180807,43445.40696273695,2544
2022-07-29,20,3687.033309255779,62308.17184267366,3272
2022-07-30,27,-615.4811125759782,56454.7042042137,3306
2022-07-31,28,-796.6473900831128,48640.141403591086,2726
2022-08-01,15,755.8671729146683,17501.321356390305,979
2022-08-02,11,1911.1282327204399,38990.520604523874,2612
2022-08-03,18,3374.562190809842,46345.40558491848,2056
2022-08-04,14,-980.3759592691104,41120.78716519296,2408
2022-08-05,34,1869.8939223835437,49877.23011034252,2921
2022-08-06,37,5650.748276781268,103017.65708928963,3974
2022-08-07,18,642.1036385429927,66126.9525749267,3263
2022-08-08,13,-1345.5084743670698,34566.51383968346,1486
2022-08-09,8,97.69997438416857,41732.16432622651,3162
2022-08-10,10,717.5773687635005,56204.22350203042,3285
2022-08-11,10,-2465.8404925648283,37677.87205394412,1639
2022-08-12,28,-2665.1514484663085,73631.12776695983,3085
2022-08-13,38,4793.357334333338,110451.32890310642,5308
2022-08-14,20,3141.8634381670868,76975.389500189,2756
2022-08-15,12,752.7165544622029,44502.986331460736,1997
2022-08-16,17,-119.07470279428449,50703.74640447993,1715
2022-08-17,16,196.6795716324547,18029.21239531137,1324
2022-08-18,12,-732.8959149124496,31305.533814659084,1405
2022-08-19,26,3021.0628616149793,101062.92439900691,4042
2022-08-20,32,794.7794478138704,82411.59107883926,4539
2022-08-21,16,2135.673541323082,72436.1925844361,3488
2022-08-22,13,299.6141763177991,21976.139648484106,1674
2022-08-23,13,-876.1800437295784,62652.02976945577,1887
2022-08-24,16,-195.13817357266748,34474.81671521918,2641
2022-08-25,13,835.3660517371077,13662.657277035927,1090
2022-08-26,26,272.16507639869684,87376.41431699668,3438
2022-08-27,30,228.5006786075769,93443.29385847495,4900
2022-08-28,23,238.3582047113585,40467.83870334719,3331
2022-08-29,15,2064.966086076953,58306.71810214288,3235
2022-08-30,12,317.306567296897,26258.931207121168,2144
2022-08-31,15,2550.236480271316,64547.471885624145,3705
2022-09-01,16,-3261.3910037868436,41321.840272835616,1041
2022-09-02,19,836.4492804966083,53325.98088426788,3401
2022-09-03,29,5579.047916107342,64088.194747562666,3079
2022-09-04,16,2065.1915260424757,62605.97538186969,2867
2022-09-05,16,22.737756704415503,18608.055109851317,1845
2022-09-06,8,729.0758083675441,26601.01116736552,1824
2022-09-07,12,1621.4254702502385,65041.948579838594,4205
2022-09-08,19,489.0147138771665,57377.69792710258,2784
2022-09-09,27,1215.6937138502326,50105.69864209995,4221
2022-09-10,31,2675.2559388064897,120284.35647325833,5450
2022-09-11,21,4429.532324325567,81850.76048851512,1802
2022-09-12,14,1385.49091870876,46069.423172077906,2296
2022-09-13,20,1840.475248045852,42902.73472663109,2727
2022-09-14,23,2189.7080396871725,73247.49450958436,3742
2022-09-15,9,-722.089977520957,31554.811440769292,1210
2022-09-16,25,3461.549694752905,90099.10832447076,5147
2022-09-17,31,-7.773098057218334,81553.67690690728,4418
2022-09-18,23,3514.936072905458,65448.92374977176,4117
2022-09-19,20,-689.2630280890124,43305.079738815155,2591
2022-09-20,12,-937.8566647612492,60479.87801187417,1530
2022-09-21,23,4209.618223458115,55356.34720633684,1533
2022-09-22,17,633.0547562268052,63003.3456453867,2393
2022-09-23,24,1270.9563614827705,75454.5979599284,4861
2022-09-24,23,4281.490394764966,124172.737647978,5394
2022-09-25,21,7.438755183012091,52403.55023294363,3604
2022-09-26,6,-259.18874775070805,45544.560699919566,1595
2022-09-27,13,652.7045033388629,66531.97935196897,2506
2022-09-28,11,1766.1021436382068,53862.46710839749,2723
2022-09-29,13,1878.011837500053,27618.86809950009,1443
2022-09-30,25,1931.1208403555584,85492.94721180962,4362
2022-10-01,36,3403.211061389617,89137.3197962081,4338
2022-10-02,22,-375.5576326857922,38427.07358972757,2204
2022-10-03,13,-1854.5995093823828,55719.35925795978,3126
2022-10-04,14,-1395.8043436791602,58215.51290448043,2988
2022-10-05,14,-1307.555146818808,41993.45251267879,1851
2022-10-06,15,-15.277256001826544,18927.592578433974,1501
2022-10-07,40,3038.59927994193,63985.79573590463,4296
2022-10-08,25,5728.108873127717,73305.28682406656,4737
2022-10-09,15,-1605.9482080010312,78066.84843245106,3532
2022-10-10,10,-409.1740878685671,41396.11017340762,2601
2022-10-11,20,1308.0813077112743,29020.162437455914,2489
2022-10-12,17,1091.152559812393,50732.04530493869,3477
2022-10-13,12,2592.6098054133727,44334.524528365735,1694
2022-10-14,21,4335.608128045695,66371.22581711173,3977
2022-10-15,32,1750.2684289657159,56193.29169800955,4694
2022-10-16,18,3915.805442878176,82506.43096411468,3528
2022-10-17,19,746.5818360436149,39246.60481026272,1595
2022-10-18,18,-3063.002858851078,54689.121546063594,2479
2022-10-19,14,-1266.9289318049143,31624.36393609382,2153
2022-10-20,13,-144.8877041108048,52718.61704066815,2667
2022-10-21,25,2990.9138012077483,120612.80919736707,4140
2022-10-22,26,-1334.017735674822,59875.67831240695,2341
2022-10-23,15,-2792.2389229607284,65656.93799429829,3469
2022-10-24,14,580.9760656163783,21096.2720519158,1785
2022-10-25,15,1911.7986362957988,44943.32915439816,2211
2022-10-26,14,1816.78197487951,36111.81803460979,1822
2022-10-27,12,1416.7983251586083,73098.23604662572,2411
2022-10-28,27,2933.7474711215705,69773.33605954683,4444
2022-10-29,35,-1573.15365614801,102255.91344901585,5972
2022-10-30,16,1668.7421783308553,70569.28468284059,4738
2022-10-31,15,-592.4139356831519,8822.5350514844,476
2022-11-01,19,-976.5061760783507,41763.818925892614,1727
2022-11-02,21,-1147.4359415765769,20733.337452313754,1524
2022-11-03,17,-626.1795748378003,49348.38245053997,2686
2022-11-04,30,49.82671867394163,77390.52775699187,3838
2022-11-05,34,-1060.1478359145021,83011.80185747381,5041
2022-11-06,20,115.45098229542995,31358.074945766883,2478
2022-11-07,9,-85.84786629970563,18875.82823680871,573
2022-11-08,21,911.4604300900752,29099.179680256326,2570
2022-11-09,18,-703.0591754938314,27922.13068239543,1377
2022-11-10,19,-494.5735324532722,47661.05524010452,2130
2022-11-11,27,-199.8545744751397,75040.21957037978,4436
2022-11-12,32,2383.92670345248,70676.41016271256,3033
2022-11-13,28,-1755.957818585129,72969.15991850564,2944
2022-11-14,13,2304.377969005752,38348.04317288631,1838
2022-11-15,18,-2103.569853396448,65419.82617056685,2117
2022-11-16,20,-2413.705952700833,50511.72340866182,1912
2022-11-17,15,420.15210925262517,35877.36740433543,1956
2022-11-18,27,5297.679427462773,99395.60048636768,4135
2022-11-19,35,2660.1279229158126,70819.96884054891,4002
2022-11-20,21,4069.6621897669334,63655.33832071025,2927
2022-11-21,17,-704.1629035256477,25871.919960027284,1439
2022-11-22,19,1909.6194527247128,60789.790027512536,2571
2022-11-23,10,-604.5426343245871,51500.720637424994,2067
2022-11-24,17,-48.99491618477158,33480.73560854512,1578
2022-11-25,33,-884.4495775701757,100275.39620325496,4119
2022-11-26,30,-481.7077154434419,74319.1806847492,3713
2022-11-27,27,164.99444153283258,78352.3442124532,3388
2022-11-28,16,3507.8581761239416,51902.38869723172,2774
2022-11-29,17,-942.5736927541914,63121.458879360755,1947
2022-11-30,20,-387.04935751799127,32401.696172293865,1960
2022-12-01,18,-3241.366208150775,43986.30410216618,1608
2022-12-02,27,1144.3057809353402,105609.31740562126,5064
2022-12-03,22,4169.203898446919,91998.58157346614,5003
2022-12-04,31,-1400.1371050391522,73088.26790600966,4477
2022-12-05,17,-283.9271196038085,38556.022801767955,1902
2022-12-06,6,1169.5372148225686,36174.3044854966,3355
2022-12-07,22,3153.4539711891325,48188.887129238254,2815
2022-12-08,14,3930.130864646304,56043.58618504681,2339
2022-12-09,31,523.910276967112,80091.94196188998,4388
2022-12-10,32,559.9240011820413,93515.64574687397,4740
2022-12-11,25,228.16420022884915,50646.15773364293,1978
2022-12-12,15,938.4038590716539,25511.659106956693,2346
2022-12-13,17,796.3605740788655,39211.94227911527,2138
2022-12-14,18,904.6536113783382,28771.77728550406,2648
2022-12-15,21,1712.3585274246202,40524.27167701674,2554
2022-12-16,31,-847.8740116686067,115936.56754354043,5006
2022-12-17,27,6067.815264185547,109995.91525738384,4430
2022-12-18,25,2346.213720544681,72422.69230404394,3084
2022-12-19,15,-548.1146944419005,58469.71602479669,1926
2022-12-20,18,-674.7757754267016,45152.22871735886,2900
2022-12-21,17,1801.1772439325337,45024.60073641397,3146
2022-12-22,13,-277.6136532231858,33414.03871661643,1878
2022-12-23,19,-75.3145501779398,80656.24612056815,4106
2022-12-24,35,7649.004571932182,119984.60883317188,4956
2022-12-25,22,523.72008323246,48750.22293720084,3246
2022-12-26,9,1880.5632020780072,60684.107132302655,2149
2022-12-27,16,2438.7576996917405,53839.87387037259,2623
2022-12-28,17,3521.249386593395,61247.552291874425,2457
2022-12-29,16,1751.3694658139393,70533.58222677416,2733
2022-12-30,32,4480.916600602482,110010.4132125765,4591
2022-12-31,33,2562.7190200385116,90059.27758807411,4238
2023-01-01,26,1713.2483961454398,63474.168110926075,2923
2023-01-02,13,6.414655359881976,57186.511888945024,2206
2023-01-03,13,1949.287297229578,36601.86537765333,1653
2023-01-04,24,2628.9380532884256,43191.45324669771,3653
2023-01-05,20,302.4563737118191,44517.50910098836,2993
2023-01-06,22,675.4565796523984,78368.61882923068,3426
2023-01-07,31,241.8027277394337,85169.4377106052,4212
2023-01-08,27,-746.4315095865617,71921.52299636272,3501
2023-01-09,13,807.3134958183202,44138.316803301255,2420
2023-01-10,18,4922.149556052193,62076.76566574647,2035
2023-01-11,20,1949.8326403738158,87526.83962701158,4157
2023-01-12,15,411.1233751907655,59640.34329146392,2642
2023-01-13,25,4883.49077891564,89221.09648992369,5020
2023-01-14,33,1194.0286846860354,74714.89260053489,5132
2023-01-15,27,1974.7617198994715,49654.874378012886,4444
2023-01-16,14,4843.447706198875,62200.32037093141,1312
2023-01-17,17,-1859.7568538875666,30668.130268181256,1434
2023-01-18,22,-1237.9460693778462,34960.39644024889,800
2023-01-19,18,-660.4879069385329,61109.713764447835,2836
2023-01-20,28,3006.7415406770992,47025.95508887507,3169
2023-01-21,26,-3320.976444760243,105461.1524224047,4659
2023-01-22,32,2950.9548680618113,84526.47811011072,3646
2023-01-23,13,1279.9964486352133,33366.78649556671,2128
2023-01-24,14,163.39185568266257,10036.542189426622,969
2023-01-25,20,-1625.5924278630832,55122.44209622909,2647
2023-01-26,17,4127.053625844007,57068.87141725158,2388
2023-01-27,25,1167.759617513975,86131.03114143792,4319
2023-01-28,31,4607.948280460369,92177.8024385146,4840
2023-01-29,23,120.50876085961997,67863.30184504266,3854
2023-01-30,18,2025.7218876534134,51349.71527478102,1132
2023-01-31,17,940.3562731888801,37424.89054653389,3148
2023-02-01,21,76.31971554533865,84974.60074945328,3234
2023-02-02,16,-216.47620597339935,45045.49507010743,2517
2023-02-03,24,7688.807257778588,60427.85004346695,2771
2023-02-04,29,4972.226159156053,108215.86350037888,6419
2023-02-05,28,2339.041539916821,71028.13429386636,3027
2023-02-06,10,-47.51123452528569,53366.94665014526,3175
2023-02-07,17,1122.2366389644042,29463.990369894087,1962
2023-02-08,17,2418.0151443747386,56371.281810121465,2299
2023-02-09,12,3457.9076521577613,41936.47210488193,2061
2023-02-10,29,4194.811942778916,96173.50591090391,4454
2023-02-11,33,8849.732681121497,111581.63472553092,4359
2023-02-12,29,297.0105749282211,26062.38932089851,2380
2023-02-13,15,1613.7310486302576,28951.55089275231,1853
2023-02-14,20,3211.988045141286,33687.55457104293,2137
2023-02-15,18,3344.498819633569,54882.99588728093,2331
2023-02-16,14,-82.39375870764754,29109.45445748167,1265
2023-02-17,24,1090.922947828097,47884.830611389094,3741
2023-02-18,35,1587.0107595571587,57295.608872850346,4296
2023-02-19,26,38.54479118809036,64018.510288070145,3537
2023-02-20,15,-1989.219425844973,54977.06724125435,3064
2023-02-21,11,-1112.3748727025404,30010.046097712628,2647
2023-02-22,19,2668.5852133800536,42473.377916118865,2093
2023-02-23,20,-602.1136123102158,52671.365212098965,2802
2023-02-24,30,1779.1865873147553,84639.08185341809,5116
2023-02-25,22,1758.2359567159997,128479.73747942394,5501
2023-02-26,19,2761.335190693844,40954.463837684496,2475
2023-02-27,12,5862.332520903532,79571.62607161474,3340
2023-02-28,21,-868.2846736753932,30139.996325832453,1548
2023-03-01,26,3580.4410784253,74667.95191991328,2992
2023-03-02,15,4889.471315644753,61851.28331560895,2842
2023-03-03,29,2846.616699780206,79855.52298295306,3745
2023-03-04,24,6101.803576105467,114436.05215562435,3666
2023-03-05,25,387.5933577645353,59685.28910775817,3947
2023-03-06,11,435.6671087536413,35991.20361174457,1670
2023-03-07,19,-5041.7985800972765,48886.02103848178,2076
2023-03-08,15,6795.385050941106,61452.33170307032,2298
2023-03-09,17,1273.1793566210117,26221.59558467747,2068
2023-03-10,32,767.1220246878096,66591.013739092,5315
2023-03-11,27,4270.479996688072,60840.68637280866,3704
2023-03-12,26,738.4168858266395,108849.51901705,4681
2023-03-13,9,926.4974016594161,23419.691947368705,2057
2023-03-14,24,-1224.442412809824,80494.16682530184,3138
2023-03-15,16,1342.8366057123224,42987.75238022087,3271
2023-03-16,17,0.28296754769567656,31696.487760620028,2130
2023-03-17,23,622.6669038077325,74715.08984566128,4570
2023-03-18,29,2215.1163240306805,46488.26704806914,3055
2023-03-19,24,2249.60115292372,51327.54337365844,3116
2023-03-20,14,-901.4975467668647,31275.380413778148,1289
2023-03-21,14,-1024.5788997801835,24724.210566075213,2078
2023-03-22,15,1493.7979462278722,34453.53218768732,2621
2023-03-23,17,2831.6706032260813,40331.15340721779,2045
2023-03-24,35,2196.4111745966243,101293.73019121354,4161
2023-03-25,31,2892.0423029808762,85685.60777442406,5354
2023-03-26,24,942.5330933144962,65989.40484203164,3678
2023-03-27,9,2293.537461682024,38303.01011452741,2194
2023-03-28,13,-539.4476749443447,49664.53797775481,3143
2023-03-29,20,6071.143821033159,62296.95776337091,2685
2023-03-30,11,-1373.0118269976524,49800.84736547855,1185
2023-03-31,35,196.57952367152905,97640.6055837014,4458
2023-04-01,37,-740.6278458226991,80749.80478365868,4322
2023-04-02,29,222.5897218230854,87092.63914176966,3005
2023-04-03,14,-811.3779150790328,50648.956483296024,3119
2023-04-04,17,1491.8624385746336,61189.71907437301,2741
2023-04-05,16,-1308.21295792074,57135.02264946398,2789
2023-04-06,16,-738.1902028394538,39539.40181385729,2018
2023-04-07,25,2722.0040557184257,82892.89090763388,3440
2023-04-08,38,1359.5676451259721,85786.4481249425,4297
2023-04-09,23,-2168.084105393623,86612.62646763751,4109
2023-04-10,11,1575.1895575900837,52308.92444082392,2466
2023-04-11,11,2151.7045564944997,57487.090378065244,2600
2023-04-12,18,-1996.246350582483,58860.677573626795,3726
2023-04-13,10,-1705.4323526286748,43092.24381012573,2778
2023-04-14,16,765.0612353623176,80610.25496747185,4391
2023-04-15,30,-1790.3779913250514,43223.03730289142,2485
2023-04-16,23,7451.800762002575,86977.17857454978,4131
2023-04-17,15,1246.270971006955,27255.62695394027,2531
2023-04-18,19,-809.9771345971324,59559.021891925135,3245
2023-04-19,20,-992.8258909130609,83562.15166854404,4102
2023-04-20,17,-2845.3027353195853,61176.366154976946,2258
2023-04-21,30,2761.575482471238,63998.73754508965,3535
2023-04-22,31,-4969.801279694418,91729.71078502951,4912
2023-04-23,27,136.30865238267558,66342.27413642516,4725
2023-04-24,25,1795.527059474572,72435.56970390702,2834
2023-04-25,20,612.9447593786583,50816.81197917046,3115
2023-04-26,18,-630.2302248087017,51237.85835605449,2495
2023-04-27,16,-579.3680139026467,47354.58506196264,2771
2023-04-28,26,3497.789003769189,79785.53799841339,4839
2023-04-29,30,-140.4124846723442,84131.24901756358,4025
2023-04-30,29,-1541.2171754422773,102367.38562812994,4082
2023-05-01,16,1280.2737701408455,69031.61776262012,3397
2023-05-02,20,2405.9852547886203,61863.477220397814,2697
2023-05-03,15,-1746.9656149825878,63745.50471790703,2169
2023-05-04,12,4230.43990009624,42454.47483874965,2480
2023-05-05,33,-1740.5044357411084,71479.38882937992,4299
2023-05-06,28,1494.057691677176,48225.69818454155,3547
2023-05-07,31,254.88767476946472,59229.451206120284,2490
2023-05-08,8,1626.0505689691286,82039.34239517301,1618
2023-05-09,23,-1690.8208130265082,41139.41348272486,2726
2023-05-10,16,4092.202126899023,77557.71532164601,2667
2023-05-11,16,1416.4449515869796,40764.18891533442,3122
2023-05-12,27,1250.6842407360077,144316.5300800161,5634
2023-05-13,30,1626.2992932170112,79191.16835547877,4981
2023-05-14,28,-2102.6613850873487,43974.15544547499,2858
2023-05-15,17,-506.3933282703146,42885.85914133349,1903
2023-05-16,17,-1058.648231391595,82342.77633688554,2590
2023-05-17,16,55.35862224197161,52506.44821248236,4484
2023-05-18,27,1425.3225171981464,45029.640632554416,2541
2023-05-19,25,5093.146094748006,141355.0635448565,5549
2023-05-20,39,5144.020619710129,103770.19269995522,4367
2023-05-21,19,-288.3485807532136,72176.02909472951,3556
2023-05-22,19,-1479.020798560024,46997.03977109655,1921
2023-05-23,22,-1596.1782877940987,37937.61385780969,1846
2023-05-24,19,-90.49832169026871,31460.406756891254,2176
2023-05-25,23,10.594320704983467,24232.83103342009,2035
2023-05-26,18,1192.4343701514806,50327.0918988947,3777
2023-05-27,34,5642.270988926895,89613.20945641045,4170
2023-05-28,34,1708.6791327335009,105571.34591198893,4151
2023-05-29,15,664.9935840457676,23389.873953048824,1187
2023-05-30,17,414.76556824908874,29967.832894447594,2143
2023-05-31,16,735.5378735460458,67651.48499884705,4694
2023-06-01,27,-1750.2140627062945,72810.67304132531,3321
2023-06-02,36,4936.383158492964,81940.80855307488,3731
2023-06-03,35,3977.4822072224174,78294.04271677755,4842
2023-06-04,27,-1365.9538653121747,52067.49709861759,4423
2023-06-05,12,-973.5842427116944,32599.73156084742,2241
2023-06-06,16,917.3862698314565,27860.122900047565,2367
2023-06-07,25,-5316.176045576104,86201.02080210666,3224
2023-06-08,14,1266.9605012755499,29914.30101919379,2051
2023-06-09,35,1764.0779552696954,91288.83500323739,4950
2023-06-10,32,-1822.5098990027652,90356.3849336789,4649
2023-06-11,26,54.42580935750915,78267.49799492373,4407
2023-06-12,17,346.61095667511944,20424.946330575447,1072
2023-06-13,25,3943.805229986048,76544.2201933938,4377
2023-06-14,15,1442.8855823189595,49180.8932086273,2113
2023-06-15,21,-123.69762509849295,58442.971001741585,3732
2023-06-16,31,1545.0167904950908,89696.70248412965,3881
2023-06-17,24,2238.502903699537,64419.32068004174,5510
2023-06-18,24,-1184.5090212882476,84639.63372024044,4277
2023-06-19,14,756.1595470495038,44306.892624488275,2132
2023-06-20,21,230.15286221015728,75477.66350585417,3125
2023-06-21,19,1354.2381402716724,49950.051513949664,3562
2023-06-22,18,656.6888468474187,35209.31263943953,3101
2023-06-23,34,-4302.772496609679,133859.68627886186,4182
2023-06-24,31,2199.565395875384,103815.57000567182,5531
2023-06-25,27,2044.948062861818,85769.32707392855,4268
2023-06-26,19,1057.5426329857892,28694.23684996189,1691
2023-06-27,17,530.2623755624292,40296.49150439608,814
2023-06-28,29,-1800.4751496612107,63394.19982003981,3038
2023-06-29,22,1140.7967951241958,25806.575184344714,1892
2023-06-30,30,1820.2484457692,90108.53276643685,5963
2023-07-01,32,4237.300387189295,93141.06457301702,4731
2023-07-02,28,-393.84633581134347,76002.59017330933,4439
2023-07-03,9,449.57484150380753,19236.41541125277,1252
2023-07-04,18,1316.199879421919,33416.038609505384,1262
2023-07-05,25,3507.5254824666567,68860.0597228389,3278
2023-07-06,18,6308.982804717379,73614.78447084597,2632
2023-07-07,31,2401.682071292761,118390.7684170102,5029
2023-07-08,38,2997.522343104792,91214.44500191169,4376
2023-07-09,23,3960.6019521605704,71212.25209272295,4276
2023-07-10,19,-1243.6724234063306,53994.66534709718,2338
2023-07-11,21,1228.8035726396429,45829.363900127646,3905
2023-07-12,21,-1881.8521319219362,79116.1899791994,3477
2023-07-13,14,-1466.882378776203,31569.710635571064,2349
2023-07-14,31,1158.003636610893,80587.47296497755,4759
2023-07-15,33,817.2501969933753,101369.74755284125,5300
2023-07-16,28,2860.106324469119,83339.3952293731,5062
2023-07-17,17,2076.106544990431,40144.50499360474,1914
2023-07-18,27,-1262.472477505036,70009.37680466454,2751
2023-07-19,21,1699.7619903584077,45867.87122356127,3015
2023-07-20,14,1905.371202653871,45660.808274963674,4053
2023-07-21,35,-1725.6609028653265,83917.75910462852,3439
2023-07-22,29,5982.719420358492,107914.4210705227,4739
2023-07-23,20,2918.0286342292184,103922.17328435805,3990
2023-07-24,14,-1121.4026586327898,31776.15887765064,1930
2023-07-25,22,-699.3176976994391,53624.7790663247,3696
2023-07-26,18,2711.4884976830263,111822.5594632002,3956
2023-07-27,17,560.9301105789186,41049.67616919863,2022
2023-07-28,27,2718.41107020095,94056.59378654644,3846
2023-07-29,27,953.4339625955347,67197.63472195971,3627
2023-07-30,32,-73.06636320318803,94852.63887109612,3716
2023-07-31,21,-1788.73479874819,31914.57090380906,1189
2023-08-01,18,-770.4650941897653,41424.45390175516,2269
2023-08-02,20,1771.2939918477846,86707.97932830459,4146
2023-08-03,14,639.4538315353664,47352.90786863212,3745
2023-08-04,25,6398.308455987454,131176.78706772497,5839
2023-08-05,35,994.6499434573601,93067.0977568141,4541
2023-08-06,23,13.668503222068125,85039.37483965055,3549
2023-08-07,14,-3137.297291123279,66136.5380833328,2457
2023-08-08,21,1092.4597472261526,50514.32155792125,3951
2023-08-09,19,3715.9131538981046,93450.74268349832,4411
2023-08-10,19,-209.9522533345164,46267.06890382416,1952
2023-08-11,30,-2211.4717265621066,81336.96897691376,5317
2023-08-12,23,5410.576842449401,127391.65939201564,5971
2023-08-13,27,-1162.5257308666733,91819.22849986298,3583
2023-08-14,13,-1990.0767666126208,43201.309911777505,2328
2023-08-15,17,2041.9722296498587,71409.34925759232,2561
2023-08-16,16,1089.6214225576914,99080.74637355618,4018
2023-08-17,23,-179.31325088564427,46372.833950333785,2460
2023-08-18,26,-763.6182673508251,86888.49771706702,4977
2023-08-19,35,616.3074096856,110092.33054993536,4846
2023-08-20,29,1439.148037008421,77087.12864421999,3652
2023-08-21,20,-1023.62284280157,59809.97565853241,2580
2023-08-22,11,1846.873970735326,42703.76646293901,2353
2023-08-23,14,-1046.9828327710793,53889.266590523686,3103
2023-08-24,20,590.6597141241169,55995.643311841464,1984
2023-08-25,22,1622.0655789936923,63279.554696904765,3791
2023-08-26,31,-2496.32413199904,107504.88452244498,5009
2023-08-27,21,-1636.3224523310057,92054.62598036676,3013
2023-08-28,16,2216.586771976467,47752.12926833509,2902
2023-08-29,18,1099.2669374268846,38407.881788178616,1800
2023-08-30,18,1851.5203967768434,81642.68678849528,3363
2023-08-31,16,3004.6873056247127,28613.920279603102,1882
2023-09-01,28,6057.360969692303,110789.01560746923,5490
2023-09-02,32,3036.6136091202293,92172.402489886,4297
2023-09-03,14,279.4241059618445,69872.47040799822,3251
2023-09-04,20,1296.8430424626995,21968.757804250126,843
2023-09-05,15,-916.468206875855,42117.546173944764,1957
2023-09-06,25,1694.7790161077635,32311.783840022395,2313
2023-09-07,13,-794.4137646175204,55284.67683594908,3576
2023-09-08,36,2841.2737850152976,94630.496178441,5100
2023-09-09,36,-457.4071384430706,85894.83392442949,5525
2023-09-10,31,4748.233509408822,88806.81414360258,4216
2023-09-11,15,1643.587882859084,71006.99547430707,3201
2023-09-12,11,-1637.6838406759762,30634.906731493826,2027
2023-09-13,21,-1364.6796784205806,60430.11705607594,2399
2023-09-14,17,1956.1724846329885,39777.662577308736,3383
2023-09-15,32,5815.4932613798055,93499.60555454352,4878
2023-09-16,19,4957.537117901914,107285.08988834087,4731
2023-09-17,26,5329.997660297433,74469.94233250056,3200
2023-09-18,22,57.51975915449452,48382.10354464412,2626
2023-09-19,13,1348.120707471608,27666.8958856445,2531
2023-09-20,19,-478.1645149788419,43886.49479192981,3311
2023-09-21,29,1301.524830969634,63047.81170219503,4378
2023-09-22,34,5967.870771832664,102202.34854517976,4229
2023-09-23,29,2818.6680058632523,144484.08898366106,5907
2023-09-24,30,2925.4157475871066,65633.8941433771,3258
2023-09-25,22,-365.9266353545065,45160.12640917514,2181
2023-09-26,22,-130.89453717267793,61859.35195701869,2389
2023-09-27,30,1915.8109727000774,82738.58421177685,3220
2023-09-28,23,344.7773429644275,55914.8997791589,2513
2023-09-29,28,5113.406408812444,107532.61486403698,2969
2023-09-30,26,-3670.920588778978,78997.43498183945,3255
2023-10-01,32,-1087.9100239770241,89656.43593157534,4455
2023-10-02,13,-1641.6267069851679,43927.30607658182,1664
2023-10-03,23,1209.178820047649,25189.049417088583,2233
2023-10-04,19,988.9348118864,77509.78976071753,3518
2023-10-05,17,4573.06261779604,61584.18911388246,3019
2023-10-06,39,-1014.4075686735107,81642.38434302901,5549
2023-10-07,43,2196.2303527669405,77607.82507398081,5074
2023-10-08,25,-837.6525288650295,97228.51078757225,4212
2023-10-09,15,-685.6744025002665,79791.62145626594,4039
2023-10-10,17,59.816688067548114,51930.14715327873,1876
2023-10-11,28,1410.2890475637132,65484.42738893108,3516
2023-10-12,13,3063.5795693423806,59991.90223632371,2892
2023-10-13,31,-4577.821761884222,104230.38675911326,5925
2023-10-14,32,4321.315216488596,113274.8015684591,5940
2023-10-15,26,1525.5441884745778,65180.78093855136,4041
2023-10-16,16,2477.8767586368426,72277.27492676425,3538
2023-10-17,24,-642.235447423487,82565.8268510806,3598
2023-10-18,21,2352.938927998322,46345.431625948404,2769
2023-10-19,26,-426.98571300751496,66662.07569021918,2911
2023-10-20,41,-1326.9555465344922,57576.9926503091,4046
2023-10-21,23,-4869.068275131712,99094.51432399337,4891
2023-10-22,21,583.5560948490179,70675.40207007971,3436
2023-10-23,14,-979.6897966842819,51665.33158690225,1979
2023-10-24,17,-2109.0069646472357,49243.55373120688,2503
2023-10-25,17,2285.2584818050377,81715.53043248114,4769
2023-10-26,17,-926.681986862412,100958.09272521826,2312
2023-10-27,31,-359.5143231538297,111268.69257998784,5157
2023-10-28,28,20.820640869838087,79288.52125165505,5106
2023-10-29,33,275.9834647704409,48361.94682524202,3460
2023-10-30,23,-2702.830963673661,47424.17426593672,2976
2023-10-31,24,2558.2144975544334,66239.5920658595,3394
2023-11-01,17,875.0332501984634,34132.242525236376,2456
2023-11-02,23,-1534.5531603177756,72060.65808198042,3285
2023-11-03,32,2689.892405797192,68532.1714424913,5336
2023-11-04,31,6332.026318556801,96915.84676219455,4997
2023-11-05,22,-1414.9087197437798,51629.03920476244,3992
2023-11-06,16,2429.4783633240904,54377.231859286934,3691
2023-11-07,23,-944.3862139610171,51365.743236008384,3543
2023-11-08,21,-1865.8472641201554,51815.32673284842,3823
2023-11-09,22,441.82211629300957,22632.553259502114,2079
2023-11-10,26,2035.7483107810638,70032.35722808308,2511
2023-11-11,34,736.1178980693231,104052.69113159893,5539
2023-11-12,24,-463.63046263886963,125439.32656114339,4717
2023-11-13,7,708.6311250990495,26226.012567256465,1994
2023-11-14,15,29.662881646195345,53361.05696547191,2145
2023-11-15,26,1419.1768834120633,64709.24685981695,3830
2023-11-16,26,2139.9962985243205,68575.71330650194,4047
2023-11-17,31,791.0422977137619,83861.46335635979,4653
2023-11-18,27,4233.212327069213,110686.47914782118,5160
2023-11-19,23,5108.430837250825,109163.8100004068,5307
2023-11-20,22,2622.191648250782,72803.2163186334,3334
2023-11-21,25,135.09332702303885,63829.83197955914,2029
2023-11-22,24,-2067.731794626723,63886.49466076984,2378
2023-11-23,15,417.0581141099756,45965.39695071895,2579
2023-11-24,38,-207.47042907429577,95492.959768947,6108
2023-11-25,38,-699.6008345898383,73581.59900679902,3640
2023-11-26,30,2131.1629742978453,69508.76487834762,5341
2023-11-27,22,-1742.7785960010426,32580.708800043525,847
2023-11-28,11,-148.03838485665733,63822.77414606737,3299
2023-11-29,23,1891.7416564779837,52353.66726862449,3155
2023-11-30,19,-1343.3544419145783,23968.710004541936,1550
2023-12-01,41,2743.7478874011153,67779.6506225907,2757
2023-12-02,34,-1420.599035630733,85423.47427194267,4616
2023-12-03,37,-341.5685879490376,54361.15886560456,3364
2023-12-04,15,-267.30831433230026,25032.877018641902,1765
2023-12-05,18,724.8037992476393,56680.1880877279,3026
2023-12-06,12,-2297.7000560824254,51230.19986720248,3510
2023-12-07,20,31.18374284965708,28278.755673970816,2536
2023-12-08,39,6495.311078504984,72208.47685170779,4409
2023-12-09,31,-1159.327863170436,107311.99689364729,5778
2023-12-10,30,-2475.7139154582674,82067.22999717342,3832
2023-12-11,25,573.5002040048715,45394.592391587095,2962
2023-12-12,13,1203.057837489694,44147.88458186439,2555
2023-12-13,22,-109.8055731490591,63125.828420788144,4542
2023-12-14,30,4064.305693682256,68999.28162907287,2631
2023-12-15,30,3396.702708099313,92301.20912486638,4366
2023-12-16,41,1881.0379189390192,96771.5212743477,4447
2023-12-17,29,2524.6062031236547,63956.14595306319,3808
2023-12-18,22,-2842.879207091155,63811.26870711339,2691
2023-12-19,22,1138.7940223923492,73455.77355250093,2893
2023-12-20,22,4496.6351302487365,29434.708739764483,1705
2023-12-21,23,2749.303904395093,41221.985715711344,2552
2023-12-22,37,-1060.2593822004412,102073.53291806203,5053
2023-12-23,33,544.6478671683976,98779.11156398703,4081
2023-12-24,29,5031.807682704338,70175.304403052,3258
2023-12-25,23,3488.253322779859,41529.22702958937,2762
2023-12-26,23,1119.1585720929372,44203.57781949472,2236
2023-12-27,30,-2817.3402755067773,71226.53484321845,3790
2023-12-28,18,-31.879037472057647,54816.354529387405,3681
2023-12-29,44,-1919.4082545436443,93791.71605893182,5490
2023-12-30,35,2186.6729084964695,70182.81302956393,4788
2023-12-31,29,2159.760634906426,60450.60915256278,3452
2024-01-01,19,2203.523438816061,49392.895454589336,2077
2024-01-02,26,-61.824669077983,49537.0083741884,4074
2024-01-03,28,-475.98645040283037,56629.68572750942,1794
2024-01-04,22,-3191.986308922628,56104.06827040718,2906
2024-01-05,40,3452.693330956602,122112.35402883867,5378
2024-01-06,45,2048.388508998242,126822.74479283163,6544
2024-01-07,25,-2181.1854055520394,68896.39018296408,2392
2024-01-08,21,3657.4230260445524,84951.27268651189,3222
2024-01-09,23,2999.332928508159,73887.0330651562,3167
2024-01-10,15,4914.525767541028,99223.31849429193,2208
2024-01-11,27,1062.924574875401,42919.072485759934,2484
2024-01-12,22,-12.41410510239001,95765.72977304667,4484
2024-01-13,34,1790.3262339171015,105566.81446571674,6522
2024-01-14,37,3709.699068749392,71130.4607923843,4554
2024-01-15,21,1299.6408724364455,73553.26878205311,3455
2024-01-16,17,1027.0788948556708,72491.5909411425,2995
2024-01-17,21,2143.5047870089934,78723.79479736643,4111
2024-01-18,15,1727.8160865492173,54496.30539904939,4227
2024-01-19,41,3128.9571227164465,108640.33023538957,5482
2024-01-20,34,2694.9656176183034,74436.24277644289,3832
2024-01-21,31,873.0227488631741,105091.00541111093,4564
2024-01-22,19,1081.3569713530446,37282.1600133786,2419
2024-01-23,25,1719.2895894025487,56743.66481312367,2806
2024-01-24,20,1514.1156242094444,63863.18453100251,2464
2024-01-25,19,2482.701873614109,48494.44927224788,1713
2024-01-26,25,640.766592856844,82470.50292417455,4416
2024-01-27,33,-528.7963839608373,70419.71422727041,4772
2024-01-28,23,1250.8247814290794,58688.81793699225,3390
2024-01-29,20,-1263.1519246722257,69864.82932031281,3069
2024-01-30,23,5772.051398675004,78627.8135777466,2817
2024-01-31,23,3112.577346190098,88489.05009393502,4488
2024-02-01,20,345.8789736111645,57980.35771666932,2660
2024-02-02,31,8335.952951506764,95401.51892381528,3877
2024-02-03,44,64.66107411999515,109066.61273554908,6091
2024-02-04,29,-432.2228763374553,88148.53958197427,4114
2024-02-05,21,1977.7985762958106,50356.57965099805,2322
2024-02-06,26,1624.1274898371676,41701.105813652044,3229
2024-02-07,24,423.86814863481686,40342.70931911432,3146
2024-02-08,19,2168.1010482597267,56946.16779894435,3235
2024-02-09,32,1273.7540727902037,80722.10277865326,3860
2024-02-10,39,-704.9133014850979,108152.05505976803,5587
2024-02-11,31,1769.3265309857034,101205.89561128733,4872
2024-02-12,20,300.28430908657924,50375.61851435418,2010
2024-02-13,20,583.1309573044415,68331.35243634776,1955
2024-02-14,22,4927.370393915706,53269.92454842414,2899
2024-02-15,18,2220.68939851515,40400.24061454567,2686
2024-02-16,31,-1160.1730202385102,103793.6878149508,4996
2024-02-17,35,1919.0888854846137,57457.738903600584,4970
2024-02-18,32,3695.422746276823,88251.37264515742,4079
2024-02-19,18,-1994.1469863439138,95000.6754137882,2547
2024-02-20,20,3052.5127462182186,79817.14485996505,2173
2024-02-21,29,1335.904095234875,67610.97493981905,3370
2024-02-22,19,5229.330636420528,91968.27247154567,2994
2024-02-23,42,-1922.2313834791692,114760.26017522655,5744
2024-02-24,34,-273.2355223096729,104498.64269356834,4434
2024-02-25,33,2113.0916118431664,68736.94951270572,4448
2024-02-26,17,3282.5971038680027,51369.164323748075,2189
2024-02-27,23,-4035.814321371038,76193.75097573765,3117
2024-02-28,36,-237.97863765477405,30722.13298623224,2452
2024-02-29,29,3230.1572753989963,80612.78101095221,3485
2024-03-01,41,4812.327425706964,87278.6621637933,5529
2024-03-02,41,1706.7545927820893,99877.07275113663,4937
2024-03-03,29,1882.1166658038605,75323.48250709401,3364
2024-03-04,18,-4134.536824506529,72394.04928267197,3199
2024-03-05,18,2690.4055853817235,78991.40583520834,2816
2024-03-06,27,-419.15066784407657,92505.21879494467,3390
2024-03-07,19,3747.5146664043345,79061.46377714451,2369
2024-03-08,27,-3832.579192435179,60981.35678297742,2895
2024-03-09,26,-1664.0236272016762,114652.3617851736,4896
2024-03-10,36,1840.7401139115573,56476.12349328824,4414
2024-03-11,17,1260.992911011324,55720.42471495113,3523
2024-03-12,26,3544.5945228315964,52791.75015511468,2083
2024-03-13,19,-3839.006311451599,54915.05243781466,2519
2024-03-14,31,2996.377665528205,74946.2248056819,4119
2024-03-15,28,-183.07846641375298,88126.99122550573,5332
2024-03-16,42,2304.1204695414162,103131.58423770365,5868
2024-03-17,38,1756.4353573780359,92935.14070785054,5395
2024-03-18,19,1642.3354969850552,56711.42372695463,2828
2024-03-19,28,2205.511175610032,72910.12952229999,2895
2024-03-20,26,4485.447973766337,69159.99591136145,3540
2024-03-21,23,-1413.074625794579,47141.96225388641,3685
2024-03-22,34,-3265.4189574201637,83921.54255376007,4480
2024-03-23,40,2649.797586020697,79466.6453555826,4930
2024-03-24,40,2485.6034263627216,57897.101621001864,4058
2024-03-25,21,229.81735003424242,42058.59590475606,3015
2024-03-26,23,-5231.069318617075,68163.5121181728,3768
2024-03-27,20,1615.65644060048,39500.552432559336,2608
2024-03-28,28,2734.3131478496903,69814.75466701036,2892
2024-03-29,34,-1867.5075472562603,105437.74845107622,3633
2024-03-30,24,3996.2648733079627,108600.89646865218,6513
2024-03-31,22,3414.612682401148,89612.59815402879,5225
2024-04-01,17,-1561.4678354124603,51400.33316262428,3291
2024-04-02,22,5400.615330985083,83970.52093958939,4018
2024-04-03,26,3453.971430016779,80136.06964185614,3934
2024-04-04,22,-434.95109685738043,68064.8358976592,3138
2024-04-05,35,-422.1903134935916,98522.42021943622,6090
2024-04-06,37,4230.7823704300845,102299.75075873718,5517
2024-04-07,41,-786.0154021929286,88128.33170486859,5147
2024-04-08,18,4346.057693464414,45853.88744242895,2173
2024-04-09,17,-4645.645897302792,57272.06686466457,2087
2024-04-10,22,1807.4806996692191,55016.56253682251,3314
2024-04-11,18,-2286.3237580219647,88187.29555043257,3646
2024-04-12,33,-709.8439542889821,81688.37949456651,5485
2024-04-13,39,3009.152334950663,60249.19489607809,3650
2024-04-14,30,2791.02878348816,97908.95185555932,5720
2024-04-15,11,-423.78347514258127,46007.19048467812,4105
2024-04-16,25,-403.8683347380131,30728.613997148328,2279
2024-04-17,17,2475.1535625165775,59464.679199806356,2844
2024-04-18,15,1076.7216898690644,58475.68115436239,3592
2024-04-19,39,2905.0622672818167,96659.90087323499,5312
2024-04-20,41,-1376.0133731847568,99520.6074534633,6291
2024-04-21,29,2902.6152665641744,88498.6653489376,3995
2024-04-22,27,3263.251745244363,57679.13871549424,2619
2024-04-23,23,1436.3590767961196,66727.32812446213,3941
2024-04-24,26,572.1167603603698,47546.81054315876,3285
2024-04-25,23,499.7905450037347,87789.25474297155,4938
2024-04-26,26,-1237.2261868618318,127913.46416961218,5991
2024-04-27,37,-914.5642368165172,101083.3414256823,4819
2024-04-28,28,6779.530278594124,101800.88211848286,4152
2024-04-29,14,431.3282508766878,30622.422910724632,2852
2024-04-30,24,1358.3255586149824,91909.36804855232,3631
2024-05-01,19,728.3222122401548,28229.74501744871,2381
2024-05-02,16,-1704.7645848607071,53401.69347080643,3398
2024-05-03,32,1517.015149665385,57009.222452308946,5275
2024-05-04,30,7148.837632912852,143630.26844709617,6983
2024-05-05,36,-1088.888563021502,67370.15691031996,4310
2024-05-06,25,1846.2533375676253,71171.23792823369,1956
2024-05-07,14,4000.4664060422147,62953.224584949494,3363
2024-05-08,29,1158.005817621425,74917.86393547847,3962
2024-05-09,19,923.1863072547669,54469.14547186396,2291
2024-05-10,31,1947.8399811256736,90127.63808512155,5035
2024-05-11,41,5536.320567581099,124198.02684864719,6459
2024-05-12,30,587.6697463046385,91327.14477846006,4030
2024-05-13,19,1417.9623928666056,67854.64375036562,2751
2024-05-14,37,862.1480465447451,50215.25059808733,3966
2024-05-15,28,1025.8203499810027,51701.147804439446,3012
2024-05-16,22,2254.136313441875,53818.898214975765,3851
2024-05-17,34,52.71490597671345,96526.83103865039,5466
2024-05-18,37,662.735586724561,91996.65610697388,4870
2024-05-19,29,3704.3833690549077,61571.39184212427,2750
2024-05-20,22,866.5261613846089,57974.58871415423,2249
2024-05-21,25,465.2348377083987,65377.66888825818,2515
2024-05-22,30,2782.2615573553862,70228.91660054427,5033
2024-05-23,14,-1679.5070534863582,65947.34590753465,3695
2024-05-24,31,1162.568038394525,105687.12212156512,5038
2024-05-25,36,1972.226818821493,113653.38463322447,5522
2024-05-26,27,2861.3039927352156,69893.13622577822,2860
2024-05-27,22,182.0815823148781,65962.38307899801,2718
2024-05-28,19,1128.0376732771588,60481.53923893054,2994
2024-05-29,18,1906.576116488916,106451.18146853085,3108
2024-05-30,30,1941.963468217557,72747.31249128496,3424
2024-05-31,36,2576.6954478439934,108956.39403930376,4689
2024-06-01,49,3126.02233359023,124105.41528319799,6889
2024-06-02,44,-4718.252845038995,116925.12082859491,4916
2024-06-03,25,813.5289017119247,60543.996061487785,2289
2024-06-04,24,1250.3537682562626,41338.44197355191,2571
2024-06-05,22,-2403.3643770072586,50623.668459956585,1817
2024-06-06,27,-1151.2535058704032,80625.16291319914,2721
2024-06-07,33,2839.1441726339767,89371.90295828445,6054
2024-06-08,35,-848.3008012939415,127911.86435384455,6451
2024-06-09,32,-347.08867680322976,103116.78560948925,5316
2024-06-10,13,-170.3368874885681,51956.42261405813,4201
2024-06-11,21,2663.9468715286484,45349.48207362696,1596
2024-06-12,26,-1739.981022672577,62176.007763498004,3773
2024-06-13,26,-112.16791417952982,109391.85731884521,3777
2024-06-14,31,911.6986351525131,62197.78531652007,4756
2024-06-15,32,-674.8191643708744,154051.2043443619,5385
2024-06-16,36,-2690.227902924556,85411.82084122146,4876
2024-06-17,25,1166.310859610482,14374.972325875184,1143
2024-06-18,20,581.4968561932928,59867.402186987056,3352
2024-06-19,31,207.47421082726748,89241.07786267463,3336
2024-06-20,20,2115.0384004026564,59017.256988623274,3923
2024-06-21,37,1931.8812333261624,101908.48651379957,4543
2024-06-22,32,2282.100870433096,85359.04856753883,4147
2024-06-23,33,3002.7722089604986,97213.10535255166,4024
2024-06-24,19,-2507.909900856668,47095.197384877574,2858
2024-06-25,32,1315.8599439097507,62081.43853326988,2569
2024-06-26,25,6453.947847419375,83300.48156520548,4390
2024-06-27,17,785.1341899844988,53588.71565808423,3822
2024-06-28,34,4770.01899101783,90662.84463983079,4868
2024-06-29,35,4004.507228294818,81166.91930905737,7043
2024-06-30,23,6136.237904946325,71795.50357412729,4905
2024-07-01,18,1248.061248802995,53703.285352834195,3210
2024-07-02,18,1662.0466066120732,68559.61912223986,3135
2024-07-03,27,-612.1417774271274,53194.082706953355,3503
2024-07-04,29,-5588.634188088231,75338.84487007078,4000
2024-07-05,35,-4130.668059354305,161137.82829457245,6789
2024-07-06,59,-776.730692524025,100592.66219524859,6525
2024-07-07,99,-457.5891901166735,221823.388676327,10598
2024-07-08,15,2427.7283348496007,67271.3220520045,2653
2024-07-09,26,-1206.9166199710787,57418.832695638135,3215
2024-07-10,34,524.2241224106153,82170.22161967569,3898
2024-07-11,25,3177.4662751176393,82977.81574187647,4333
2024-07-12,31,3020.417872044763,147874.4596450348,5907
2024-07-13,46,2453.0295279317047,104614.07244867488,6124
2024-07-14,92,4002.9163718113587,225195.95888281963,10899
2024-07-15,12,10629.797444314318,83806.89130976686,2310
2024-07-16,26,-1742.1474190766562,70083.5449873087,4583
2024-07-17,22,-5193.971286310962,106003.67548589662,5050
2024-07-18,25,4883.166596428834,54767.443100741955,3477
2024-07-19,44,1898.3256360124562,140339.4891041655,5668
2024-07-20,43,6249.513972372621,174130.9184850641,8816
2024-07-21,71,4058.677025872661,213932.48859406784,11834
2024-07-22,22,1100.8888259524656,57921.85850124179,2105
2024-07-23,19,-364.7652001002067,53096.14660674426,2796
2024-07-24,31,5689.9918574301955,96700.49171028208,3086
2024-07-25,33,848.9704938280629,42740.02442108107,2303
2024-07-26,32,-849.1656573734026,151617.91150553807,6776
2024-07-27,58,1671.1767997101185,146341.29824289453,6493
2024-07-28,67,-700.1802046418809,229580.4257441845,10609
2024-07-29,27,3594.734774699322,55039.771214604756,3566
2024-07-30,25,6411.120779948923,108328.18202788565,4226
2024-07-31,27,193.82119806778184,83266.26704965612,4045
2024-08-01,30,1497.031643583634,60488.31715689335,3529
2024-08-02,30,-323.3187647181456,134279.94263315154,6438
2024-08-03,43,3816.763882798925,128671.84200739031,6720
2024-08-04,82,847.1496488242675,252255.78085663434,11909
2024-08-05,26,1434.629374223405,27668.85041328927,2020
2024-08-06,18,2740.4091805401195,69679.66876046643,3212
2024-08-07,26,-747.6333387337099,101669.89774231434,4754
2024-08-08,30,3.5274446256582905,34495.77831671151,2126
2024-08-09,48,-2616.336545244399,126841.06038097541,5627
2024-08-10,52,-950.6385121263373,180528.49535709864,7970
2024-08-11,85,-2937.7531645341437,264908.97370680375,13718
2024-08-12,22,1909.4761671685496,65244.36765489475,2440
2024-08-13,17,3252.4188109366296,86193.21970936385,3739
2024-08-14,29,-1530.8947683481774,78940.369846976,3445
2024-08-15,34,2205.944163210818,37547.15032684566,2931
2024-08-16,31,1009.4272174210763,141307.90757747242,7329
2024-08-17,42,2869.8999539601778,184268.98551865094,8601
2024-08-18,75,-5142.035064396374,240709.86744312884,11539
2024-08-19,15,-2067.9133188911965,90471.7886820822,3652
2024-08-20,26,2191.649390567463,56019.0759801997,3592
2024-08-21,21,2621.0499417580663,50315.63902029085,3187
2024-08-22,28,3984.197579962908,93156.3736663341,5074
2024-08-23,42,1050.637661671512,77485.45119768033,5318
2024-08-24,53,3580.765645287783,86070.67897879398,6930
2024-08-25,80,5480.272418335393,240049.11947637022,12004
2024-08-26,13,-3787.752711022267,63848.64567363253,3088
2024-08-27,31,3582.2345093602908,80900.4528588409,3508
2024-08-28,22,638.8524558706521,30334.743775434028,2490
2024-08-29,21,5387.75099972897,112114.83716637568,4808
2024-08-30,49,3532.2106488721615,93470.9906063028,6320
2024-08-31,53,-1027.4726520617996,107842.6520710906,6342
2024-09-01,83,1930.1695924120122,249837.0988039289,11886
2024-09-02,27,3833.096224458373,57611.05797464179,2905
2024-09-03,33,2696.0573520475486,69586.01121917334,2993
2024-09-04,23,-17.127603624427493,85939.19043109,4926
2024-09-05,28,2895.909089121913,60296.13388580356,4308
2024-09-06,42,573.9558273207057,97707.68427321821,6368
2024-09-07,51,1670.2048752085027,130424.94822153029,7445
2024-09-08,84,11038.463816522531,228322.00790393873,13506
2024-09-09,16,1197.4197342688003,44770.41217635072,4253
2024-09-10,22,1760.6298428707073,33969.94773617303,2730
2024-09-11,29,-2258.9656508988496,79226.57760211428,2909
2024-09-12,23,2852.4566913423405,71279.4617121563,5296
2024-09-13,45,3828.1013575417064,128133.14668813594,5573
2024-09-14,41,691.2005374412171,152925.96221069296,7610
2024-09-15,96,3221.301754281712,224103.4935732847,11053
2024-09-16,19,976.7612713142655,34230.03624941282,2499
2024-09-17,25,3129.066051129671,111476.48210480838,4618
2024-09-18,37,-1050.201251464244,97578.01680184406,4814
2024-09-19,32,5007.407931282998,88990.23885639606,4228
2024-09-20,51,3492.7825893702807,117792.68514404939,6084
2024-09-21,62,-1206.7657484047036,131267.60877401012,6705
2024-09-22,74,5161.705496105391,292974.4216723875,12778
2024-09-23,18,3604.39246440078,48969.438867000055,1968
2024-09-24,26,-660.8338518278083,66453.1582537152,3186
2024-09-25,28,1596.4633633657772,88647.95703253828,4462
2024-09-26,34,3556.2613388811396,92276.95171451007,5449
2024-09-27,39,7050.454505645485,106445.79632657208,4807
2024-09-28,58,748.6695013155385,132311.0250417137,7238
2024-09-29,80,4668.015861310482,189173.7366987733,11700
2024-09-30,19,905.2808576352546,76102.52886571521,3552
2024-10-01,18,-5804.133302453981,86541.46175286111,4435
2024-10-02,27,2954.5269209166986,81554.57185899257,4011
2024-10-03,23,1732.595409543158,93871.70030678148,4169
2024-10-04,49,1530.6172788969,139212.9078284218,6709
2024-10-05,49,1942.3460634818762,158238.82585320465,8423
2024-10-06,90,5900.93803984652,268902.5094644271,13593
2024-10-07,27,3447.311753680385,62316.4839657509,3189
2024-10-08,26,-932.2046699285311,65998.13044915645,2844
2024-10-09,24,5658.593385457055,106258.91487616273,5080
2024-10-10,29,-423.88322624315646,64557.03324951671,3516
2024-10-11,36,-1395.2261379328675,152845.36774867986,5985
2024-10-12,55,-643.3108193766407,174219.17313033092,7780
2024-10-13,77,8302.950281857858,256732.97555722692,13573
2024-10-14,19,128.44640544095125,90553.31844490019,4044
2024-10-15,19,634.5140438858953,57971.17628731693,2865
2024-10-16,27,2260.486712363383,89569.41304151605,4533
2024-10-17,29,1548.6228308822474,65620.819961679,4516
2024-10-18,46,-377.8815655202459,79140.48014987905,5278
2024-10-19,39,-1743.1570613779695,146345.80005494403,8748
2024-10-20,88,7538.463519410828,227301.4525824122,10474
2024-10-21,19,265.5315036412369,94070.40046458878,4141
2024-10-22,26,1603.814402090134,50268.24620505206,2020
2024-10-23,41,2004.1137197399144,63127.81724318397,3430
2024-10-24,30,5718.926464605153,108390.67948697948,5240
2024-10-25,38,1523.7038315609338,164085.7425316457,7299
2024-10-26,44,8364.978097962177,162457.54616686818,7222
2024-10-27,98,-1619.5971364579962,234327.0145170884,10653
2024-10-28,19,-145.415954525709,95159.9313509513,4334
2024-10-29,34,821.7369251683149,106884.09282910875,3590
2024-10-30,24,2443.4097949345196,81371.69142904406,4862
2024-10-31,31,3132.0739892768124,80591.99772441518,3968
2024-11-01,47,1705.9357880297484,166850.49603603233,6675
2024-11-02,47,-3250.2965749846107,182792.57038983735,10018
2024-11-03,82,3133.6388342245627,224478.9156167097,10408
2024-11-04,21,346.39609423410354,55775.0740758479,3576
2024-11-05,26,2685.0048537694356,130964.00669909835,6155
2024-11-06,30,3648.903671122312,64179.711866336234,4429
2024-11-07,33,322.08724081503533,93452.78530668485,4868
2024-11-08,55,-542.8029714045988,114284.35833316176,6686
2024-11-09,49,3463.126827686514,149208.13731700706,7114
2024-11-10,97,2040.1928418684147,240426.08018102252,11432
2024-11-11,28,77.52591690533518,58445.97160316628,2968
2024-11-12,24,3864.1008621898113,87433.07379152944,3937
2024-11-13,35,10360.384329493469,105332.56630392189,4089
2024-11-14,28,599.3731852785252,54334.225376616174,3305
2024-11-15,35,-922.6640341447845,148137.5723596025,6171
2024-11-16,43,2334.285500919089,100853.35012286123,7591
2024-11-17,79,-641.0041295430335,277032.9986928896,12317
2024-11-18,19,-2562.999129642524,73934.60835474412,3595
2024-11-19,23,-2586.9455111076627,51086.31679433545,2829
2024-11-20,25,-1271.66427543415,85123.27055406771,2702
2024-11-21,21,1571.7120848619338,69847.23005211026,4821
2024-11-22,36,1997.2676264555248,115347.51655423435,8000
2024-11-23,49,-1201.1075842502926,146418.88477747364,8067
2024-11-24,80,1323.1408292382046,291151.65928299155,14581
2024-11-25,15,1221.6293157189516,53100.29202157506,2804
2024-11-26,22,5609.292423141607,107923.5362676835,4634
2024-11-27,23,1208.9915287089257,57017.27464962203,3818
2024-11-28,20,2546.193519906496,93976.58245759303,4454
2024-11-29,48,3292.725006144635,112692.94406951306,5183
2024-11-30,49,8523.917436210131,184137.87898288204,7942
2024-12-01,86,852.9917535316563,214132.1507240815,11522
2024-12-02,32,249.43183148462595,28947.030394695958,2446
2024-12-03,29,-1698.1503572438924,103571.32934910142,4496
2024-12-04,30,-426.0839098775191,64817.81388830959,3678
2024-12-05,26,1017.5270197612983,74529.57912822155,3353
2024-12-06,31,-814.0801931663688,140028.04700868245,7383
2024-12-07,55,-1698.4196461719332,133052.7224536374,8121
2024-12-08,87,5284.83894252655,207958.68329894138,10575
2024-12-09,21,2654.148616412315,87178.4671506943,3374
2024-12-10,20,-2016.9152877797176,101159.68837739613,3457
2024-12-11,28,1038.5822391914971,50575.09894640866,4581
2024-12-12,33,923.877072332246,86193.99205742947,4046
2024-12-13,44,1347.1035339508608,138964.79487871422,7901
2024-12-14,42,-3035.5417279635867,132197.94593822875,7255
2024-12-15,77,4992.718595060651,217284.08367109578,10513
2024-12-16,25,6111.981986766462,60792.274025108985,3035
2024-12-17,20,1274.945362341288,52606.40337124035,3323
2024-12-18,26,-1349.7854348310386,83143.84507292949,3641
2024-12-19,36,-1200.454736394073,113717.92184623117,5123
2024-12-20,44,3386.9685155169223,119731.59105316283,6350
2024-12-21,60,-1206.289675257507,143305.77918267393,7481
2024-12-22,89,11581.234650609014,248140.55798101955,13508
2024-12-23,21,-74.1109932616493,48909.14300658732,3277
2024-12-24,29,733.1803320290205,78881.1131180536,3643
2024-12-25,15,3023.9979160208213,111154.96777895316,3963
2024-12-26,23,-1054.5106545675117,72260.9753316942,3800
2024-12-27,34,-4581.818297365839,133597.81687666962,6063
2024-12-28,32,-417.35519917989456,101543.40831055713,4206
2024-12-29,33,2526.006860492764,107066.63837306146,6669
2024-12-30,28,-1323.4992649080891,41084.62726685766,2161
2024-12-31,34,-1824.1683489579352,82727.73925849152,4544
2025-01-01,21,-1680.216650056079,86714.50014754843,4128
